,,,,,,,,,,,,,,,,
,,,,,,,,,,,,,,,,
DHL EXPRESS WORLDWIDE,,,,,,,,,,,,,,,,
Documents up to 2.0 kg,,,,,,,,,,,,,,,,
"Weight
(Kg)",Zone 1,Zone 2,Zone 3,Zone 4,Zone 5,Zone 6,Zone 7,Zone 8,Zone 9,Zone 10,Zone 11,,,,,
0.5,"3,577","2,979","3,692","3,987","3,925","4,192","3,561","4,927","4,119","2,291","2,367",,,,,
1.0,"4,404","3,818","4,555","5,580","5,543","5,990","4,056","6,606","4,883","2,605","3,103",,,,,
1.5,"5,231","4,656","5,419","7,172","7,161","7,788","4,592","8,286","5,647","2,919","3,838",,,,,
2.0,"6,059","5,495","6,283","8,765","8,779","9,585","5,481","9,966","6,412","3,233","4,574",,,,,
,,,,,,,,,,,,,,,,
Non-Documents from 0.5 kg & Documents from 2.5 kg,,,,,,,,,,,,,,,,
"Weight
(Kg)",Zone 1,Zone 2,Zone 3,Zone 4,Zone 5,Zone 6,Zone 7,Zone 8,Zone 9,Zone 10,Zone 11,"Weight
(Kg)",USA,FEDEX USA,VIA DHL,VIA FEDEX
0.5,"5,960","2,979","3,412","5,568","7,633","7,838","3,561","7,259","4,119","2,495","2,495",0.5,"3,561","3,038","3,779","2,736 "
1.0,"6,783","3,499","4,184","6,588","8,804","9,177","4,056","8,621","4,883","3,000","3,192",1.0,"4,056","3,445","4,426","3,214 "
1.5,"7,610","4,216","4,959","7,608","9,977","10,517","4,324","9,984","5,650","3,112","3,889",1.5,"4,324","4,261","4,883","4,015 "
2.0,"8,437","4,934","5,733","8,627","11,150","11,856","4,798","11,347","6,416","3,224","4,585",2.0,"4,798",,"5,293","4,816 "
2.5,"9,265","5,651","6,508","9,647","12,324","13,196","5,543","12,711","7,183","3,336","5,282",2.5,"5,543",,"5,553","5,618 "
3.0,"10,087","6,368","7,280","10,667","13,495","14,535","6,288","14,072","7,947","3,449","5,979",3.0,"6,288",,"5,766","6,281 "
3.5,"10,910","7,085","8,052","11,687","14,666","15,874","7,033","15,433","8,711","3,561","6,675",3.5,"7,033",,"6,006","6,945 "
4.0,"11,732","7,803","8,825","12,706","15,837","17,214","7,777","16,794","9,475","3,673","7,372",4.0,"7,777",,"6,196","7,610 "
4.5,"12,555","8,520","9,597","13,726","17,007","18,553","8,522","18,156","10,240","3,786","8,068",4.5,"8,522",,"6,607","8,670 "
5.0,"13,378","9,237","10,369","14,746","18,178","19,892","9,267","19,517","11,004","3,898","8,765",5.0,"9,267",,"6,969","13,344 "
5.5,"14,441","11,125","12,369","16,212","19,024","20,936","10,532","21,529","11,697","4,083","11,538",5.5,"10,532",,"7,599","13,777 "
6.0,"15,021","11,742","12,908","16,950","19,867","21,980","11,111","22,663","12,388","4,391","12,028",6.0,"11,111",,"8,182","14,083 "
6.5,"15,601","12,358","13,447","17,688","20,711","23,024","11,691","23,797","13,079","4,698","12,518",6.5,"11,691",,"8,812","14,516 "
7.0,"16,180","12,974","13,985","18,426","21,554","24,068","12,271","24,931","13,770","5,005","13,009",7.0,"12,271",,"9,396","14,822 "
7.5,"16,760","13,591","14,524","19,164","22,397","25,111","12,851","26,066","14,460","5,312","13,499",7.5,"12,851",,"10,026","15,255 "
8.0,"17,340","14,207","15,062","19,902","23,240","26,155","13,430","27,200","15,151","5,619","13,990",8.0,"13,430",,"10,609","15,561 "
8.5,"17,920","14,824","15,601","20,640","24,084","27,199","14,010","28,334","15,842","5,926","14,480",8.5,"14,010",,"11,239","15,994 "
9.0,"18,499","15,440","16,139","21,377","24,927","28,243","14,590","29,469","16,533","6,233","14,970",9.0,"14,590",,"11,822","16,299 "
9.5,"19,079","16,057","16,678","22,115","25,770","29,286","15,170","30,603","17,224","6,540","15,461",9.5,"15,170",,"12,452","16,733 "
10.0,"19,659","16,673","17,216","22,853","26,613","30,330","15,749","31,737","17,915","6,847","15,951",10.0,"15,749",,"13,035","20,172 "
10.5,"21,024","17,885","18,486","24,430","28,403","32,318","17,088","34,086","19,227","7,365","17,033",10.5,"17,088",,"14,212","21,067 "
11.0,"21,474","18,325","18,958","25,028","29,033","33,119","17,697","34,948","19,943","7,583","17,376",11.0,"17,697",,"14,486","21,834 "
11.5,"21,923","18,765","19,430","25,626","29,663","33,920","18,307","35,809","20,659","7,800","17,720",11.5,"18,307",,"15,322","22,730 "
12.0,"22,372","19,205","19,902","26,224","30,294","34,721","18,916","36,671","21,375","8,018","18,064",12.0,"18,916",,"16,109","23,497 "
12.5,"22,821","19,645","20,374","26,822","30,924","35,522","19,526","37,532","22,091","8,236","18,408",12.5,"19,526",,"16,945","24,392 "
13.0,"23,270","20,085","20,846","27,420","31,554","36,323","20,135","38,394","22,807","8,453","18,751",13.0,"20,135",,"17,733","25,159 "
13.5,"23,719","20,525","21,318","28,018","32,184","37,123","20,745","39,256","23,523","8,671","19,095",13.5,"20,745",,"18,568","26,054 "
14.0,"24,168","20,965","21,790","28,616","32,814","37,924","21,354","40,117","24,239","8,889","19,439",14.0,"21,354",,"19,357","26,822 "
14.5,"24,618","21,405","22,262","29,214","33,444","38,725","21,964","40,979","24,956","9,106","19,782",14.5,"21,964",,"20,192","27,717 "
15.0,"25,067","21,845","22,734","29,812","34,075","39,526","22,574","41,840","25,672","9,324","20,126",15.0,"22,574",,"20,981","28,484 "
15.5,"25,516","22,285","23,206","30,410","34,705","40,327","23,183","42,702","26,388","9,542","20,470",15.5,"23,183",,"21,815","29,379 "
16.0,"25,965","22,725","23,678","31,009","35,335","41,128","23,793","43,564","27,104","9,759","20,814",16.0,"23,793",,"22,603","30,146 "
16.5,"26,414","23,165","24,150","31,607","35,965","41,929","24,402","44,425","27,820","9,977","21,157",16.5,"24,402",,"23,439","31,041 "
17.0,"26,863","23,605","24,622","32,205","36,595","42,730","25,012","45,287","28,536","10,195","21,501",17.0,"25,012",,"24,227","31,809 "
17.5,"27,312","24,045","25,094","32,803","37,225","43,530","25,621","46,148","29,252","10,413","21,845",17.5,"25,621",,"25,062","32,704 "
18.0,"27,761","24,485","25,566","33,401","37,856","44,331","26,231","47,010","29,968","10,630","22,189",18.0,"26,231",,"25,851","33,471 "
18.5,"28,211","24,925","26,038","33,999","38,488","45,132","26,444","47,872","30,428","10,956","22,532",18.5,"26,444",,"26,686","34,366 "
19.0,"28,660","25,365","26,510","34,597","39,120","45,933","26,657","48,733","30,887","11,281","22,876",19.0,"26,657",,"27,474","35,133 "
19.5,"29,109","25,805","26,982","35,195","39,753","46,734","26,870","49,595","31,347","11,606","23,220",19.5,"26,870",,"28,309","36,029 "
20.0,"29,558","26,245","27,454","35,793","40,385","47,535","27,083","50,456","31,806","11,932","23,563",20.0,"27,083",,"29,097","36,796 "
20.5,"29,982","26,756","27,998","36,435","41,029","48,368","27,239","51,316","32,595","12,172","23,907",20.5,"27,239",,"29,933","37,691 "
21.0,"30,406","27,267","28,541","37,076","41,673","49,201","27,395","52,175","33,385","12,413","24,251",21.0,"27,395",,"30,382","38,158 "
21.5,"30,830","27,778","29,084","37,718","42,317","50,034","27,551","53,034","34,174","12,654","24,595",21.5,"27,551",,"31,072","38,755 "
22.0,"31,254","28,289","29,627","38,360","42,961","50,867","27,706","53,894","34,964","12,894","24,938",22.0,"27,706",,"31,716","39,223 "
22.5,"31,678","28,800","30,170","39,001","43,605","51,700","27,862","54,753","35,753","13,135","25,282",22.5,"27,862",,"32,406","39,819 "
23.0,"32,102","29,311","30,713","39,643","44,249","52,533","28,018","55,612","36,542","13,375","25,626",23.0,"28,018",,"33,049","40,287 "
23.5,"32,526","29,822","31,256","40,285","44,893","53,366","28,174","56,472","37,332","13,616","25,970",23.5,"28,174",,"33,741","40,883 "
24.0,"32,949","30,333","31,799","40,926","45,537","54,198","28,330","57,331","38,121","13,857","26,313",24.0,"28,330",,"34,384","41,351 "
24.5,"33,373","30,844","32,342","41,568","46,181","55,031","28,486","58,190","38,911","14,097","26,657",24.5,"28,486",,"35,074","52,090 "
25.0,"33,797","31,355","32,885","42,209","46,824","55,864","28,641","59,050","39,700","14,338","27,001",25.0,"28,641",,"35,717","52,655 "
25.5,"34,221","31,866","33,428","42,851","47,468","56,697","28,797","59,909","40,490","14,579","27,344",25.5,"28,797",,"36,420","53,348 "
26.0,"34,645","32,377","33,971","43,493","48,112","57,530","28,953","60,768","41,279","14,819","27,688",26.0,"28,953",,"37,076","53,914 "
26.5,"35,069","32,888","34,515","44,134","48,756","58,363","29,109","61,628","42,068","15,060","28,032",26.5,"29,109",,"37,779","54,607 "
27.0,"35,493","33,399","35,058","44,776","49,400","59,196","29,265","62,487","42,858","15,300","28,376",27.0,"29,265",,"38,434","55,172 "
27.5,"35,917","33,910","35,601","45,417","50,044","60,029","29,421","63,346","43,647","15,541","28,719",27.5,"29,421",,"39,137","55,866 "
28.0,"36,341","34,421","36,144","46,059","50,688","60,862","29,576","64,205","44,437","15,782","29,063",28.0,"29,576",,"39,792","56,430 "
28.5,"36,765","34,932","36,687","46,701","51,332","61,695","29,732","65,065","45,226","16,022","29,407",28.5,"29,732",,"40,495","57,124 "
29.0,"37,189","35,443","37,230","47,342","51,976","62,528","29,888","65,924","46,016","16,263","29,750",29.0,"29,888",,"41,150","57,689 "
29.5,"37,613","35,954","37,773","47,984","52,620","63,361","30,044","66,783","46,805","16,503","30,094",29.5,"30,044",,"41,853","58,383 "
30.0,"38,037","36,465","38,316","48,626","53,264","64,194","30,200","67,643","47,594","16,744","30,438",30.0,"30,200",,"42,508","58,948 "
30.5,"38,859","37,436","39,315","49,755","54,446","65,600","31,130","69,348","48,959","17,434","31,102",,,,,
31.0,"38,882","37,459","39,338","49,870","54,561","65,869","31,153","69,370","49,228","17,457","31,125",,,,,
31.5,"39,705","38,431","40,337","51,000","55,743","67,275","32,083","71,075","50,593","18,146","31,790",,,,,
32.0,"39,728","38,454","40,360","51,114","55,858","67,544","32,106","71,098","50,862","18,169","31,813",,,,,
32.5,"40,550","39,425","41,359","52,244","57,040","68,950","33,037","72,803","52,227","18,859","32,477",,,,,
33.0,"40,573","39,448","41,382","52,358","57,155","69,219","33,059","72,826","52,496","18,882","32,500",,,,,
33.5,"41,396","40,420","42,381","53,488","58,337","70,625","33,990","74,531","53,860","19,572","33,165",,,,,
34.0,"41,419","40,443","42,404","53,603","58,451","70,894","34,013","74,554","54,130","19,595","33,188",,,,,
34.5,"42,241","41,414","43,403","54,732","59,634","72,300","34,943","76,259","55,494","20,284","33,852",,,,,
35.0,"42,264","41,437","43,426","54,847","59,748","72,569","34,966","76,282","55,764","20,307","33,875",,,,,
35.5,"43,087","42,409","44,425","55,977","60,931","73,975","35,896","77,986","57,128","20,997","34,540",,,,,
36.0,"43,110","42,432","44,448","56,091","61,045","74,244","35,919","78,009","57,397","21,020","34,563",,,,,
36.5,"43,933","43,403","45,447","57,221","62,228","75,650","36,850","79,714","58,762","21,710","35,227",,,,,
37.0,"43,955","43,426","45,470","57,336","62,342","75,920","36,872","79,737","59,031","21,733","35,250",,,,,
37.5,"44,778","44,398","46,469","58,465","63,525","77,325","37,803","81,442","60,396","22,422","35,915",,,,,
38.0,"44,801","44,421","46,492","58,580","63,639","77,595","37,826","81,465","60,665","22,445","35,938",,,,,
38.5,"45,624","45,392","47,491","59,710","64,822","79,000","38,756","83,170","62,030","23,135","36,602",,,,,
39.0,"45,647","45,415","47,514","59,824","64,936","79,270","38,779","83,193","62,299","23,158","36,625",,,,,
39.5,"46,469","46,387","48,513","60,954","66,119","80,676","39,709","84,898","63,664","23,848","37,290",,,,,
40.0,"46,492","46,410","48,536","61,068","66,233","80,945","39,732","84,921","63,933","23,871","37,312",,,,,
40.5,"47,315","47,381","49,535","62,198","67,416","82,351","40,663","86,625","65,297","24,560","37,977",,,,,
41.0,"47,338","47,404","49,558","62,313","67,530","82,620","40,686","86,648","65,567","24,583","38,000",,,,,
41.5,"48,160","48,376","50,557","63,442","68,713","84,026","41,616","88,353","66,931","25,273","38,664",,,,,
42.0,"48,183","48,399","50,580","63,557","68,827","84,295","41,639","88,376","67,200","25,296","38,687",,,,,
42.5,"49,006","49,370","51,579","64,687","70,010","85,701","42,569","90,081","68,565","25,986","39,352",,,,,
43.0,"49,029","49,393","51,602","64,801","70,124","85,970","42,592","90,104","68,834","26,008","39,375",,,,,
43.5,"49,852","50,365","52,601","65,931","71,307","87,376","43,522","91,809","70,199","26,698","40,039",,,,,
44.0,"49,874","50,388","52,624","66,046","71,421","87,645","43,545","91,832","70,468","26,721","40,062",,,,,
44.5,"50,697","51,359","53,623","67,175","72,604","89,051","44,476","93,537","71,833","27,411","40,727",,,,,
45.0,"50,720","51,382","53,646","67,290","72,718","89,320","44,499","93,560","72,102","27,434","40,750",,,,,
45.5,"51,543","52,354","54,645","68,420","73,901","90,726","45,429","95,264","73,467","28,124","41,414",,,,,
46.0,"51,566","52,377","54,668","68,534","74,015","90,995","45,452","95,287","73,736","28,146","41,437",,,,,
46.5,"52,388","53,348","55,667","69,664","75,198","92,401","46,382","96,992","75,100","28,836","42,102",,,,,
47.0,"52,411","53,371","55,690","69,778","75,312","92,670","46,405","97,015","75,370","28,859","42,125",,,,,
47.5,"53,234","54,343","56,689","70,908","76,495","94,076","47,335","98,720","76,734","29,549","42,789",,,,,
48.0,"53,257","54,366","56,712","71,023","76,609","94,345","47,358","98,743","77,003","29,572","42,812",,,,,
48.5,"54,079","55,337","57,711","72,152","77,792","95,751","48,289","100,448","78,368","30,262","43,477",,,,,
49.0,"54,102","55,360","57,734","72,267","77,906","96,021","48,312","100,471","78,637","30,284","43,499",,,,,
49.5,"54,925","56,332","58,733","73,397","79,089","97,426","49,242","102,176","80,002","30,974","44,164",,,,,
50.0,"54,948","56,355","58,756","73,511","79,203","97,696","49,265","102,198","80,271","30,997","44,187",,,,,
50.5,"55,770","57,326","59,755","74,641","80,386","99,101","50,195","103,903","81,636","31,687","44,851",,,,,
51.0,"55,793","57,349","59,778","74,755","80,500","99,371","50,218","103,926","81,905","31,710","44,874",,,,,
51.5,"56,616","58,321","60,777","75,885","81,683","100,777","51,148","105,631","83,270","32,399","45,539",,,,,
52.0,"56,639","58,344","60,800","76,000","81,797","101,046","51,171","105,654","83,539","32,422","45,562",,,,,
52.5,"57,462","59,315","61,799","77,129","82,980","102,452","52,102","107,359","84,903","33,112","46,226",,,,,
53.0,"57,484","59,338","61,822","77,244","83,094","102,721","52,125","107,382","85,173","33,135","46,249",,,,,
53.5,"58,307","60,310","62,821","78,374","84,277","104,127","53,055","109,087","86,537","33,825","46,914",,,,,
54.0,"58,330","60,333","62,844","78,488","84,391","104,396","53,078","109,110","86,806","33,848","46,937",,,,,
54.5,"59,153","61,304","63,843","79,618","85,574","105,802","54,008","110,814","88,171","34,537","47,601",,,,,
55.0,"59,176","61,327","63,866","79,733","85,688","106,071","54,031","110,837","88,440","34,560","47,624",,,,,
55.5,"59,998","62,299","64,865","80,862","86,871","107,477","54,962","112,542","89,805","35,250","48,289",,,,,
56.0,"60,021","62,322","64,888","80,977","86,985","107,746","54,984","112,565","90,074","35,273","48,312",,,,,
56.5,"60,844","63,293","65,887","82,107","88,168","109,152","55,915","114,270","91,439","35,963","48,976",,,,,
57.0,"60,867","63,316","65,910","82,221","88,282","109,421","55,938","114,293","91,708","35,986","48,999",,,,,
57.5,"61,689","64,288","66,909","83,351","89,465","110,827","56,868","115,998","93,073","36,675","49,664",,,,,
58.0,"61,712","64,311","66,932","83,465","89,579","111,096","56,891","116,021","93,342","36,698","49,687",,,,,
58.5,"62,535","65,282","67,931","84,595","90,762","112,502","57,821","117,726","94,706","37,388","50,351",,,,,
59.0,"62,558","65,305","67,954","84,710","90,876","112,771","57,844","117,749","94,976","37,411","50,374",,,,,
59.5,"63,381","66,277","68,953","85,839","92,059","114,177","58,775","119,453","96,340","38,101","51,039",,,,,
60.0,"63,403","66,300","68,976","85,954","92,173","114,447","58,798","119,476","96,609","38,124","51,061",,,,,
60.5,"64,226","67,271","69,975","87,084","93,356","115,852","59,728","121,181","97,974","38,813","51,726",,,,,
61.0,"64,249","67,294","69,998","87,198","93,470","116,122","59,751","121,204","98,243","38,836","51,749",,,,,
61.5,"65,072","68,266","70,997","88,328","94,653","117,527","60,681","122,909","99,608","39,526","52,413",,,,,
62.0,"65,095","68,289","71,020","88,443","94,767","117,797","60,704","122,932","99,877","39,549","52,436",,,,,
62.5,"65,917","69,260","72,019","89,572","95,950","119,203","61,634","124,637","101,242","40,239","53,101",,,,,
63.0,"65,940","69,283","72,042","89,687","96,064","119,472","61,657","124,660","101,511","40,262","53,124",,,,,
63.5,"66,763","70,255","73,041","90,817","97,247","120,878","62,588","126,365","102,876","40,951","53,788",,,,,
64.0,"66,786","70,278","73,064","90,931","97,361","121,147","62,611","126,387","103,145","40,974","53,811",,,,,
64.5,"67,608","71,250","74,063","92,061","98,544","122,553","63,541","128,092","104,509","41,664","54,476",,,,,
65.0,"67,631","71,272","74,086","92,175","98,658","122,822","63,564","128,115","104,779","41,687","54,499",,,,,
65.5,"68,454","72,244","75,085","93,305","99,841","124,228","64,494","129,820","106,143","42,377","55,163",,,,,
66.0,"68,477","72,267","75,108","93,420","99,955","124,497","64,517","129,843","106,413","42,400","55,186",,,,,
66.5,"69,299","73,239","76,107","94,549","101,137","125,903","65,447","131,548","107,777","43,089","55,851",,,,,
67.0,"69,322","73,261","76,130","94,664","101,252","126,172","65,470","131,571","108,046","43,112","55,874",,,,,
67.5,"70,145","74,233","77,129","95,794","102,434","127,578","66,401","133,276","109,411","43,802","56,538",,,,,
68.0,"70,168","74,256","77,152","95,908","102,549","127,847","66,424","133,299","109,680","43,825","56,561",,,,,
68.5,"70,991","75,228","78,151","97,038","103,731","129,253","67,354","135,004","111,045","44,515","57,226",,,,,
69.0,"71,013","75,250","78,174","97,153","103,846","129,522","67,377","135,026","111,314","44,538","57,248",,,,,
69.5,"71,836","76,222","79,173","98,282","105,028","130,928","68,307","136,731","112,679","45,227","57,913",,,,,
70.0,"71,859","76,245","79,196","98,397","105,143","131,197","68,330","136,754","112,948","45,250","57,936",,,,,
70.5,"72,723","77,217","80,207","99,621","106,378","132,667","69,474","138,592","114,445","45,940","58,667",,,,,
71.0,"72,746","77,239","80,230","99,735","106,493","132,937","69,497","138,615","114,715","45,963","58,690",,,,,
71.5,"73,610","78,211","81,240","100,959","107,728","134,407","70,640","140,453","116,212","46,653","59,421",,,,,
72.0,"73,633","78,234","81,263","101,073","107,842","134,676","70,663","140,476","116,481","46,675","59,444",,,,,
72.5,"74,497","79,206","82,274","102,297","109,078","136,146","71,806","142,313","117,979","47,365","60,175",,,,,
73.0,"74,519","79,228","82,297","102,412","109,192","136,415","71,829","142,336","118,248","47,388","60,198",,,,,
73.5,"75,383","80,200","83,307","103,635","110,427","137,885","72,973","144,174","119,746","48,078","60,929",,,,,
74.0,"75,406","80,223","83,330","103,750","110,542","138,154","72,996","144,197","120,015","48,101","60,952",,,,,
74.5,"76,270","81,195","84,341","104,973","111,777","139,624","74,139","146,035","121,512","48,791","61,683",,,,,
75.0,"76,293","81,218","84,364","105,088","111,891","139,894","74,162","146,058","121,782","48,813","61,705",,,,,
75.5,"77,157","82,189","85,374","106,312","113,127","141,364","75,305","147,895","123,279","49,503","62,436",,,,,
76.0,"77,180","82,212","85,397","106,426","113,241","141,633","75,328","147,918","123,548","49,526","62,459",,,,,
76.5,"78,044","83,184","86,408","107,650","114,476","143,103","76,472","149,756","125,046","50,216","63,190",,,,,
77.0,"78,067","83,207","86,431","107,764","114,591","143,372","76,495","149,779","125,315","50,239","63,213",,,,,
77.5,"78,931","84,178","87,441","108,988","115,826","144,842","77,638","151,617","126,813","50,929","63,944",,,,,
78.0,"78,954","84,201","87,464","109,103","115,941","145,111","77,661","151,640","127,082","50,951","63,967",,,,,
78.5,"79,817","85,173","88,475","110,326","117,176","146,581","78,805","153,478","128,579","51,641","64,698",,,,,
79.0,"79,840","85,196","88,498","110,441","117,290","146,851","78,827","153,500","128,849","51,664","64,721",,,,,
79.5,"80,704","86,167","89,508","111,665","118,525","148,321","79,971","155,338","130,346","52,354","65,452",,,,,
80.0,"80,727","86,190","89,531","111,779","118,640","148,590","79,994","155,361","130,615","52,377","65,475",,,,,
80.5,"81,591","87,162","90,542","113,003","119,875","150,060","81,137","157,199","132,113","53,066","66,206",,,,,
81.0,"81,614","87,185","90,565","113,117","119,990","150,329","81,160","157,222","132,382","53,089","66,229",,,,,
81.5,"82,478","88,156","91,575","114,341","121,225","151,799","82,304","159,060","133,880","53,779","66,960",,,,,
82.0,"82,501","88,179","91,598","114,456","121,339","152,068","82,327","159,083","134,149","53,802","66,983",,,,,
82.5,"83,365","89,151","92,609","115,679","122,574","153,538","83,470","160,920","135,646","54,492","67,714",,,,,
83.0,"83,388","89,174","92,631","115,794","122,689","153,808","83,493","160,943","135,916","54,515","67,737",,,,,
83.5,"84,251","90,145","93,642","117,018","123,924","155,278","84,636","162,781","137,413","55,204","68,468",,,,,
84.0,"84,274","90,168","93,665","117,132","124,039","155,547","84,659","162,804","137,682","55,227","68,491",,,,,
84.5,"85,138","91,140","94,675","118,356","125,274","157,017","85,803","164,642","139,180","55,917","69,222",,,,,
85.0,"85,161","91,163","94,698","118,470","125,388","157,286","85,826","164,665","139,449","55,940","69,244",,,,,
85.5,"86,025","92,134","95,709","119,694","126,624","158,756","86,969","166,502","140,947","56,630","69,975",,,,,
86.0,"86,048","92,157","95,732","119,809","126,738","159,025","86,992","166,525","141,216","56,653","69,998",,,,,
86.5,"86,912","93,129","96,742","121,032","127,973","160,495","88,136","168,363","142,713","57,342","70,729",,,,,
87.0,"86,935","93,152","96,765","121,147","128,088","160,765","88,158","168,386","142,983","57,365","70,752",,,,,
87.5,"87,799","94,123","97,776","122,370","129,323","162,235","89,302","170,224","144,480","58,055","71,483",,,,,
88.0,"87,822","94,146","97,799","122,485","129,437","162,504","89,325","170,247","144,749","58,078","71,506",,,,,
88.5,"88,685","95,118","98,809","123,709","130,673","163,974","90,468","172,085","146,247","58,768","72,237",,,,,
89.0,"88,708","95,141","98,832","123,823","130,787","164,243","90,491","172,107","146,516","58,791","72,260",,,,,
89.5,"89,572","96,112","99,843","125,047","132,022","165,713","91,635","173,945","148,013","59,480","72,991",,,,,
90.0,"89,595","96,135","99,866","125,162","132,137","165,982","91,658","173,968","148,283","59,503","73,014",,,,,
90.5,"90,459","97,107","100,876","126,385","133,372","167,452","92,801","175,806","149,780","60,193","73,745",,,,,
91.0,"90,482","97,130","100,899","126,500","133,487","167,722","92,824","175,829","150,049","60,216","73,768",,,,,
91.5,"91,346","98,101","101,910","127,723","134,722","169,191","93,967","177,667","151,547","60,906","74,499",,,,,
92.0,"91,369","98,124","101,933","127,838","134,836","169,461","93,990","177,690","151,816","60,929","74,522",,,,,
92.5,"92,233","99,096","102,943","129,062","136,071","170,931","95,134","179,527","153,314","61,618","75,253",,,,,
93.0,"92,256","99,119","102,966","129,176","136,186","171,200","95,157","179,550","153,583","61,641","75,276",,,,,
93.5,"93,120","100,090","103,977","130,400","137,421","172,670","96,300","181,388","155,080","62,331","76,007",,,,,
94.0,"93,142","100,113","104,000","130,514","137,536","172,939","96,323","181,411","155,350","62,354","76,030",,,,,
94.5,"94,006","101,085","105,010","131,738","138,771","174,409","97,467","183,249","156,847","63,044","76,761",,,,,
95.0,"94,029","101,108","105,033","131,853","138,885","174,678","97,489","183,272","157,116","63,067","76,783",,,,,
95.5,"94,893","102,079","106,044","133,076","140,120","176,148","98,633","185,109","158,614","63,756","77,514",,,,,
96.0,"94,916","102,102","106,066","133,191","140,235","176,418","98,656","185,132","158,883","63,779","77,537",,,,,
96.5,"95,780","103,074","107,077","134,415","141,470","177,888","99,799","186,970","160,381","64,469","78,268",,,,,
97.0,"95,803","103,097","107,100","134,529","141,585","178,157","99,822","186,993","160,650","64,492","78,291",,,,,
97.5,"96,667","104,068","108,111","135,753","142,820","179,627","100,966","188,831","162,147","65,182","79,022",,,,,
98.0,"96,690","104,091","108,133","135,867","142,934","179,896","100,989","188,854","162,417","65,205","79,045",,,,,
98.5,"97,554","105,063","109,144","137,091","144,170","181,366","102,132","190,691","163,914","65,894","79,776",,,,,
99.0,"97,577","105,086","109,167","137,206","144,284","181,635","102,155","190,714","164,183","65,917","79,799",,,,,
99.5,"98,440","106,057","110,177","138,429","145,519","183,105","103,298","192,552","165,681","66,607","80,530",,,,,
100.0,"98,463","106,080","110,200","138,544","145,634","183,375","103,321","192,575","165,950","66,630","80,553",,,,,
100.5,"99,327","107,052","111,211","139,768","146,869","184,845","126,445","194,413","167,448","67,320","81,284",,,,,
101.0,"99,350","107,075","111,234","139,882","146,983","185,114","126,468","194,436","167,717","67,342","81,307",,,,,
101.5,"100,214","108,046","112,244","141,106","148,219","186,584","127,872","196,274","169,214","68,032","82,038",,,,,
102.0,"100,237","108,069","112,267","141,220","148,333","186,853","127,895","196,296","169,484","68,055","82,061",,,,,
102.5,"101,101","109,041","113,278","142,444","149,568","188,323","129,300","198,134","170,981","68,745","82,792",,,,,
103.0,"101,124","109,064","113,301","142,559","149,683","188,592","129,323","198,157","171,250","68,768","82,815",,,,,
103.5,"101,988","110,035","114,311","143,782","150,918","190,062","130,728","199,995","172,748","69,458","83,546",,,,,
104.0,"102,011","110,058","114,334","143,897","151,033","190,332","130,750","200,018","173,017","69,480","83,569",,,,,
104.5,"102,874","111,030","115,345","145,120","152,268","191,802","132,155","201,856","174,515","70,170","84,300",,,,,
105.0,"102,897","111,053","115,368","145,235","152,382","192,071","132,178","201,879","174,784","70,193","84,322",,,,,
105.5,"103,761","112,024","116,378","146,459","153,617","193,541","133,583","203,716","176,281","70,883","85,053",,,,,
106.0,"103,784","112,047","116,401","146,573","153,732","193,810","133,606","203,739","176,551","70,906","85,076",,,,,
106.5,"104,648","113,019","117,412","147,797","154,967","195,280","135,010","205,577","178,048","71,596","85,807",,,,,
107.0,"104,671","113,042","117,435","147,912","155,082","195,549","135,033","205,600","178,317","71,618","85,830",,,,,
107.5,"105,535","114,013","118,445","149,135","156,317","197,019","136,438","207,438","179,815","72,308","86,561",,,,,
108.0,"105,558","114,036","118,468","149,250","156,431","197,289","136,461","207,461","180,084","72,331","86,584",,,,,
108.5,"106,422","115,008","119,479","150,473","157,666","198,759","137,866","209,298","181,582","73,021","87,315",,,,,
109.0,"106,445","115,031","119,502","150,588","157,781","199,028","137,889","209,321","181,851","73,044","87,338",,,,,
109.5,"107,308","116,002","120,512","151,812","159,016","200,498","139,293","211,159","183,348","73,733","88,069",,,,,
110.0,"107,331","116,025","120,535","151,926","159,131","200,767","139,316","211,182","183,618","73,756","88,092",,,,,
110.5,"108,195","116,997","121,546","153,150","160,366","202,237","140,721","213,020","185,115","74,446","88,823",,,,,
111.0,"108,218","117,020","121,568","153,264","160,480","202,506","140,744","213,043","185,384","74,469","88,846",,,,,
111.5,"109,082","117,991","122,579","154,488","161,715","203,976","142,148","214,880","186,882","75,159","89,577",,,,,
112.0,"109,105","118,014","122,602","154,603","161,830","204,246","142,171","214,903","187,151","75,182","89,600",,,,,
112.5,"109,969","118,986","123,612","155,826","163,065","205,716","143,576","216,741","188,649","75,871","90,331",,,,,
113.0,"109,992","119,009","123,635","155,941","163,180","205,985","143,599","216,764","188,918","75,894","90,354",,,,,
113.5,"110,856","119,980","124,646","157,165","164,415","207,455","145,004","218,602","190,415","76,584","91,085",,,,,
114.0,"110,879","120,003","124,669","157,279","164,529","207,724","145,027","218,625","190,685","76,607","91,108",,,,,
114.5,"111,743","120,975","125,679","158,503","165,765","209,194","146,431","220,463","192,182","77,297","91,839",,,,,
115.0,"111,765","120,998","125,702","158,617","165,879","209,463","146,454","220,485","192,451","77,320","91,862",,,,,
115.5,"112,629","121,969","126,713","159,841","167,114","210,933","147,859","222,323","193,949","78,009","92,592",,,,,
116.0,"112,652","121,992","126,736","159,956","167,229","211,203","147,882","222,346","194,218","78,032","92,615",,,,,
116.5,"113,516","122,964","127,746","161,179","168,464","212,673","149,286","224,184","195,716","78,722","93,346",,,,,
117.0,"113,539","122,987","127,769","161,294","168,579","212,942","149,309","224,207","195,985","78,745","93,369",,,,,
117.5,"114,403","123,959","128,780","162,518","169,814","214,412","150,714","226,045","197,482","79,435","94,100",,,,,
118.0,"114,426","123,981","128,803","162,632","169,928","214,681","150,737","226,068","197,752","79,458","94,123",,,,,
118.5,"115,290","124,953","129,813","163,856","171,163","216,151","152,142","227,905","199,249","80,147","94,854",,,,,
119.0,"115,313","124,976","129,836","163,970","171,278","216,420","152,165","227,928","199,518","80,170","94,877",,,,,
119.5,"116,177","125,948","130,847","165,194","172,513","217,890","153,569","229,766","201,016","80,860","95,608",,,,,
120.0,"116,199","125,970","130,870","165,309","172,628","218,160","153,592","229,789","201,285","80,883","95,631",,,,,
120.5,"117,063","126,942","131,880","166,532","173,863","219,630","154,997","231,627","202,783","81,573","96,362",,,,,
121.0,"117,086","126,965","131,903","166,647","173,977","219,899","155,020","231,650","203,052","81,596","96,385",,,,,
121.5,"117,950","127,937","132,914","167,870","175,212","221,369","156,424","233,487","204,549","82,285","97,116",,,,,
122.0,"117,973","127,959","132,937","167,985","175,327","221,638","156,447","233,510","204,819","82,308","97,139",,,,,
122.5,"118,837","128,931","133,947","169,209","176,562","223,108","157,852","235,348","206,316","82,998","97,870",,,,,
123.0,"118,860","128,954","133,970","169,323","176,677","223,377","157,875","235,371","206,585","83,021","97,893",,,,,
123.5,"119,724","129,926","134,981","170,547","177,912","224,847","159,280","237,209","208,083","83,711","98,624",,,,,
124.0,"119,747","129,948","135,004","170,661","178,026","225,117","159,303","237,232","208,352","83,734","98,647",,,,,
124.5,"120,611","130,920","136,014","171,885","179,261","226,587","160,707","239,070","209,850","84,423","99,378",,,,,
125.0,"120,634","130,943","136,037","172,000","179,376","226,856","160,730","239,092","210,119","84,446","99,401",,,,,
125.5,"121,497","131,915","137,048","173,223","180,611","228,326","162,135","240,930","211,616","85,136","100,132",,,,,
126.0,"121,520","131,937","137,070","173,338","180,726","228,595","162,158","240,953","211,886","85,159","100,154",,,,,
126.5,"122,384","132,909","138,081","174,562","181,961","230,065","163,562","242,791","213,383","85,849","100,885",,,,,
127.0,"122,407","132,932","138,104","174,676","182,075","230,334","163,585","242,814","213,652","85,872","100,908",,,,,
127.5,"123,271","133,904","139,114","175,900","183,311","231,804","164,990","244,652","215,150","86,561","101,639",,,,,
128.0,"123,294","133,927","139,137","176,014","183,425","232,074","165,013","244,675","215,419","86,584","101,662",,,,,
128.5,"124,158","134,898","140,148","177,238","184,660","233,544","166,418","246,512","216,916","87,274","102,393",,,,,
129.0,"124,181","134,921","140,171","177,353","184,775","233,813","166,441","246,535","217,186","87,297","102,416",,,,,
129.5,"125,045","135,893","141,181","178,576","186,010","235,283","167,845","248,373","218,683","87,987","103,147",,,,,
130.0,"125,068","135,916","141,204","178,691","186,125","235,552","167,868","248,396","218,952","88,010","103,170",,,,,
130.5,"125,931","136,887","142,215","179,915","187,360","237,022","169,273","250,234","220,450","88,699","103,901",,,,,
131.0,"125,954","136,910","142,238","180,029","187,474","237,291","169,296","250,257","220,719","88,722","103,924",,,,,
131.5,"126,818","137,882","143,248","181,253","188,709","238,761","170,700","252,094","222,217","89,412","104,655",,,,,
132.0,"126,841","137,905","143,271","181,367","188,824","239,031","170,723","252,117","222,486","89,435","104,678",,,,,
132.5,"127,705","138,876","144,282","182,591","190,059","240,501","172,128","253,955","223,983","90,125","105,409",,,,,
133.0,"127,728","138,899","144,305","182,706","190,174","240,770","172,151","253,978","224,253","90,147","105,432",,,,,
133.5,"128,592","139,871","145,315","183,929","191,409","242,240","173,556","255,816","225,750","90,837","106,163",,,,,
134.0,"128,615","139,894","145,338","184,044","191,523","242,509","173,579","255,839","226,019","90,860","106,186",,,,,
134.5,"129,479","140,865","146,349","185,267","192,758","243,979","174,983","257,676","227,517","91,550","106,917",,,,,
135.0,"129,502","140,888","146,372","185,382","192,873","244,248","175,006","257,699","227,786","91,573","106,940",,,,,
135.5,"130,366","141,860","147,382","186,606","194,108","245,718","176,411","259,537","229,284","92,263","107,671",,,,,
136.0,"130,388","141,883","147,405","186,720","194,223","245,988","176,434","259,560","229,553","92,285","107,693",,,,,
136.5,"131,252","142,854","148,416","187,944","195,458","247,458","177,838","261,398","231,050","92,975","108,424",,,,,
137.0,"131,275","142,877","148,439","188,059","195,572","247,727","177,861","261,421","231,320","92,998","108,447",,,,,
137.5,"132,139","143,849","149,449","189,282","196,807","249,197","179,266","263,259","232,817","93,688","109,178",,,,,
138.0,"132,162","143,872","149,472","189,397","196,922","249,466","179,289","263,281","233,086","93,711","109,201",,,,,
138.5,"133,026","144,843","150,483","190,620","198,157","250,936","180,694","265,119","234,584","94,400","109,932",,,,,
139.0,"133,049","144,866","150,505","190,735","198,272","251,205","180,717","265,142","234,853","94,423","109,955",,,,,
139.5,"133,913","145,838","151,516","191,959","199,507","252,675","182,121","266,980","236,351","95,113","110,686",,,,,
140.0,"133,936","145,861","151,539","192,073","199,621","252,945","182,144","267,003","236,620","95,136","110,709",,,,,
140.5,"134,800","146,832","152,550","193,297","200,857","254,415","183,549","268,841","238,117","95,826","111,440",,,,,
141.0,"134,822","146,855","152,572","193,411","200,971","254,684","183,572","268,864","238,387","95,849","111,463",,,,,
141.5,"135,686","147,827","153,583","194,635","202,206","256,154","184,976","270,701","239,884","96,538","112,194",,,,,
142.0,"135,709","147,850","153,606","194,750","202,321","256,423","184,999","270,724","240,153","96,561","112,217",,,,,
142.5,"136,573","148,821","154,616","195,973","203,556","257,893","186,404","272,562","241,651","97,251","112,948",,,,,
143.0,"136,596","148,844","154,639","196,088","203,670","258,162","186,427","272,585","241,920","97,274","112,971",,,,,
143.5,"137,460","149,816","155,650","197,312","204,906","259,632","187,832","274,423","243,418","97,964","113,702",,,,,
144.0,"137,483","149,839","155,673","197,426","205,020","259,902","187,855","274,446","243,687","97,987","113,725",,,,,
144.5,"138,347","150,810","156,683","198,650","206,255","261,372","189,259","276,283","245,184","98,676","114,456",,,,,
145.0,"138,370","150,833","156,706","198,764","206,370","261,641","189,282","276,306","245,454","98,699","114,479",,,,,
145.5,"139,234","151,805","157,717","199,988","207,605","263,111","190,687","278,144","246,951","99,389","115,210",,,,,
146.0,"139,257","151,828","157,740","200,103","207,720","263,380","190,710","278,167","247,220","99,412","115,232",,,,,
146.5,"140,120","152,799","158,750","201,326","208,955","264,850","192,114","280,005","248,718","100,102","115,963",,,,,
147.0,"140,143","152,822","158,773","201,441","209,069","265,119","192,137","280,028","248,987","100,125","115,986",,,,,
147.5,"141,007","153,794","159,784","202,665","210,304","266,589","193,542","281,866","250,485","100,814","116,717",,,,,
148.0,"141,030","153,817","159,807","202,779","210,419","266,859","193,565","281,888","250,754","100,837","116,740",,,,,
148.5,"141,894","154,788","160,817","204,003","211,654","268,329","194,970","283,726","252,251","101,527","117,471",,,,,
149.0,"141,917","154,811","160,840","204,117","211,769","268,598","194,993","283,749","252,521","101,550","117,494",,,,,
149.5,"142,781","155,783","161,851","205,341","213,004","270,068","196,397","285,587","254,018","102,240","118,225",,,,,
150.0,"142,804","155,806","161,874","205,456","213,118","270,337","196,420","285,610","254,287","102,263","118,248",,,,,
150.5,"143,668","156,777","162,884","206,679","214,353","271,807","197,825","287,448","255,785","102,952","118,979",,,,,
151.0,"143,691","156,800","162,907","206,794","214,468","272,076","197,848","287,471","256,054","102,975","119,002",,,,,
151.5,"144,554","157,772","163,918","208,017","215,703","273,546","199,252","289,308","257,552","103,665","119,733",,,,,
152.0,"144,577","157,795","163,941","208,132","215,818","273,815","199,275","289,331","257,821","103,688","119,756",,,,,
152.5,"145,441","158,766","164,951","209,356","217,053","275,285","200,680","291,169","259,318","104,378","120,487",,,,,
153.0,"145,464","158,789","164,974","209,470","217,167","275,555","200,703","291,192","259,588","104,401","120,510",,,,,
153.5,"146,328","159,761","165,985","210,694","218,403","277,025","202,108","293,030","261,085","105,090","121,241",,,,,
154.0,"146,351","159,784","166,007","210,809","218,517","277,294","202,131","293,053","261,354","105,113","121,264",,,,,
154.5,"147,215","160,755","167,018","212,032","219,752","278,764","203,535","294,890","262,852","105,803","121,995",,,,,
155.0,"147,238","160,778","167,041","212,147","219,867","279,033","203,558","294,913","263,121","105,826","122,018",,,,,
155.5,"148,102","161,750","168,051","213,370","221,102","280,503","204,963","296,751","264,619","106,516","122,749",,,,,
156.0,"148,125","161,773","168,074","213,485","221,216","280,772","204,986","296,774","264,888","106,539","122,772",,,,,
156.5,"148,989","162,744","169,085","214,709","222,452","282,242","206,391","298,612","266,385","107,228","123,502",,,,,
157.0,"149,011","162,767","169,108","214,823","222,566","282,512","206,413","298,635","266,655","107,251","123,525",,,,,
157.5,"149,875","163,739","170,118","216,047","223,801","283,982","207,818","300,472","268,152","107,941","124,256",,,,,
158.0,"149,898","163,762","170,141","216,161","223,916","284,251","207,841","300,495","268,421","107,964","124,279",,,,,
158.5,"150,762","164,733","171,152","217,385","225,151","285,721","209,246","302,333","269,919","108,654","125,010",,,,,
159.0,"150,785","164,756","171,175","217,500","225,266","285,990","209,269","302,356","270,188","108,677","125,033",,,,,
159.5,"151,649","165,728","172,185","218,723","226,501","287,460","210,673","304,194","271,686","109,366","125,764",,,,,
160.0,"151,672","165,751","172,208","218,838","226,615","287,729","210,696","304,217","271,955","109,389","125,787",,,,,
160.5,"152,536","166,722","173,219","220,062","227,850","289,199","212,101","306,055","273,452","110,079","126,518",,,,,
161.0,"152,559","166,745","173,242","220,176","227,965","289,469","212,124","306,077","273,722","110,102","126,541",,,,,
161.5,"153,423","167,717","174,252","221,400","229,200","290,939","213,529","307,915","275,219","110,792","127,272",,,,,
162.0,"153,445","167,740","174,275","221,514","229,315","291,208","213,551","307,938","275,488","110,814","127,295",,,,,
162.5,"154,309","168,711","175,286","222,738","230,550","292,678","214,956","309,776","276,986","111,504","128,026",,,,,
163.0,"154,332","168,734","175,309","222,853","230,664","292,947","214,979","309,799","277,255","111,527","128,049",,,,,
163.5,"155,196","169,706","176,319","224,076","231,899","294,417","216,384","311,637","278,753","112,217","128,780",,,,,
164.0,"155,219","169,729","176,342","224,191","232,014","294,686","216,407","311,660","279,022","112,240","128,803",,,,,
164.5,"156,083","170,700","177,353","225,415","233,249","296,156","217,811","313,497","280,519","112,930","129,534",,,,,
165.0,"156,106","170,723","177,376","225,529","233,364","296,426","217,834","313,520","280,789","112,952","129,557",,,,,
165.5,"156,970","171,695","178,386","226,753","234,599","297,896","219,239","315,358","282,286","113,642","130,288",,,,,
166.0,"156,993","171,718","178,409","226,867","234,713","298,165","219,262","315,381","282,555","113,665","130,311",,,,,
166.5,"157,857","172,689","179,420","228,091","235,949","299,635","220,667","317,219","284,053","114,355","131,042",,,,,
167.0,"157,880","172,712","179,443","228,206","236,063","299,904","220,689","317,242","284,322","114,378","131,064",,,,,
167.5,"158,743","173,684","180,453","229,429","237,298","301,374","222,094","319,079","285,820","115,067","131,795",,,,,
168.0,"158,766","173,707","180,476","229,544","237,413","301,643","222,117","319,102","286,089","115,090","131,818",,,,,
168.5,"159,630","174,678","181,487","230,767","238,648","303,113","223,522","320,940","287,586","115,780","132,549",,,,,
169.0,"159,653","174,701","181,509","230,882","238,762","303,383","223,545","320,963","287,855","115,803","132,572",,,,,
169.5,"160,517","175,673","182,520","232,106","239,998","304,853","224,949","322,801","289,353","116,493","133,303",,,,,
170.0,"160,540","175,696","182,543","232,220","240,112","305,122","224,972","322,824","289,622","116,516","133,326",,,,,
170.5,"161,404","176,668","183,553","233,444","241,347","306,592","226,377","324,662","291,120","117,205","134,057",,,,,
171.0,"161,427","176,690","183,576","233,558","241,462","306,861","226,400","324,684","291,389","117,228","134,080",,,,,
171.5,"162,291","177,662","184,587","234,782","242,697","308,331","227,805","326,522","292,886","117,918","134,811",,,,,
172.0,"162,314","177,685","184,610","234,897","242,812","308,600","227,827","326,545","293,156","117,941","134,834",,,,,
172.5,"163,177","178,657","185,620","236,120","244,047","310,070","229,232","328,383","294,653","118,631","135,565",,,,,
173.0,"163,200","178,679","185,643","236,235","244,161","310,340","229,255","328,406","294,922","118,654","135,588",,,,,
173.5,"164,064","179,651","186,654","237,459","245,396","311,810","230,660","330,244","296,420","119,343","136,319",,,,,
174.0,"164,087","179,674","186,677","237,573","245,511","312,079","230,683","330,267","296,689","119,366","136,342",,,,,
174.5,"164,951","180,646","187,687","238,797","246,746","313,549","232,087","332,104","298,187","120,056","137,073",,,,,
175.0,"164,974","180,668","187,710","238,911","246,861","313,818","232,110","332,127","298,456","120,079","137,096",,,,,
175.5,"165,838","181,640","188,721","240,135","248,096","315,288","233,515","333,965","299,953","120,769","137,827",,,,,
176.0,"165,861","181,663","188,744","240,250","248,210","315,557","233,538","333,988","300,223","120,792","137,850",,,,,
176.5,"166,725","182,635","189,754","241,473","249,445","317,027","234,943","335,826","301,720","121,481","138,581",,,,,
177.0,"166,748","182,657","189,777","241,588","249,560","317,297","234,965","335,849","301,989","121,504","138,603",,,,,
177.5,"167,612","183,629","190,788","242,812","250,795","318,767","236,370","337,686","303,487","122,194","139,334",,,,,
178.0,"167,634","183,652","190,811","242,926","250,910","319,036","236,393","337,709","303,756","122,217","139,357",,,,,
178.5,"168,498","184,624","191,821","244,150","252,145","320,506","237,798","339,547","305,254","122,907","140,088",,,,,
179.0,"168,521","184,646","191,844","244,264","252,259","320,775","237,821","339,570","305,523","122,930","140,111",,,,,
179.5,"169,385","185,618","192,855","245,488","253,495","322,245","239,225","341,408","307,020","123,619","140,842",,,,,
180.0,"169,408","185,641","192,878","245,603","253,609","322,514","239,248","341,431","307,290","123,642","140,865",,,,,
180.5,"170,272","186,613","193,888","246,826","254,844","323,984","240,653","343,268","308,787","124,332","141,596",,,,,
181.0,"170,295","186,636","193,911","246,941","254,959","324,254","240,676","343,291","309,056","124,355","141,619",,,,,
181.5,"171,159","187,607","194,922","248,164","256,194","325,724","242,081","345,129","310,554","125,045","142,350",,,,,
182.0,"171,182","187,630","194,944","248,279","256,308","325,993","242,103","345,152","310,823","125,068","142,373",,,,,
182.5,"172,046","188,602","195,955","249,503","257,544","327,463","243,508","346,990","312,321","125,757","143,104",,,,,
183.0,"172,068","188,625","195,978","249,617","257,658","327,732","243,531","347,013","312,590","125,780","143,127",,,,,
183.5,"172,932","189,596","196,988","250,841","258,893","329,202","244,936","348,851","314,087","126,470","143,858",,,,,
184.0,"172,955","189,619","197,011","250,956","259,008","329,471","244,959","348,873","314,357","126,493","143,881",,,,,
184.5,"173,819","190,591","198,022","252,179","260,243","330,941","246,363","350,711","315,854","127,183","144,612",,,,,
185.0,"173,842","190,614","198,045","252,294","260,358","331,211","246,386","350,734","316,123","127,206","144,635",,,,,
185.5,"174,706","191,585","199,055","253,517","261,593","332,681","247,791","352,572","317,621","127,895","145,366",,,,,
186.0,"174,729","191,608","199,078","253,632","261,707","332,950","247,814","352,595","317,890","127,918","145,389",,,,,
186.5,"175,593","192,580","200,089","254,856","262,942","334,420","249,219","354,433","319,388","128,608","146,120",,,,,
187.0,"175,616","192,603","200,112","254,970","263,057","334,689","249,241","354,456","319,657","128,631","146,142",,,,,
187.5,"176,480","193,574","201,122","256,194","264,292","336,159","250,646","356,293","321,154","129,321","146,873",,,,,
188.0,"176,503","193,597","201,145","256,308","264,407","336,428","250,669","356,316","321,424","129,344","146,896",,,,,
188.5,"177,366","194,569","202,156","257,532","265,642","337,898","252,074","358,154","322,921","130,033","147,627",,,,,
189.0,"177,389","194,592","202,179","257,647","265,756","338,168","252,097","358,177","323,190","130,056","147,650",,,,,
189.5,"178,253","195,563","203,189","258,870","266,991","339,638","253,501","360,015","324,688","130,746","148,381",,,,,
190.0,"178,276","195,586","203,212","258,985","267,106","339,907","253,524","360,038","324,957","130,769","148,404",,,,,
190.5,"179,140","196,558","204,223","260,209","268,341","341,377","254,929","361,875","326,455","131,459","149,135",,,,,
191.0,"179,163","196,581","204,246","260,323","268,456","341,646","254,952","361,898","326,724","131,481","149,158",,,,,
191.5,"180,027","197,552","205,256","261,547","269,691","343,116","256,357","363,736","328,221","132,171","149,889",,,,,
192.0,"180,050","197,575","205,279","261,661","269,805","343,385","256,380","363,759","328,491","132,194","149,912",,,,,
192.5,"180,914","198,547","206,290","262,885","271,040","344,855","257,784","365,597","329,988","132,884","150,643",,,,,
193.0,"180,937","198,570","206,313","263,000","271,155","345,125","257,807","365,620","330,257","132,907","150,666",,,,,
193.5,"181,800","199,541","207,323","264,223","272,390","346,595","259,212","367,458","331,755","133,597","151,397",,,,,
194.0,"181,823","199,564","207,346","264,338","272,505","346,864","259,235","367,480","332,024","133,619","151,420",,,,,
194.5,"182,687","200,536","208,357","265,562","273,740","348,334","260,639","369,318","333,522","134,309","152,151",,,,,
195.0,"182,710","200,559","208,380","265,676","273,854","348,603","260,662","369,341","333,791","134,332","152,174",,,,,
195.5,"183,574","201,530","209,390","266,900","275,090","350,073","262,067","371,179","335,288","135,022","152,905",,,,,
196.0,"183,597","201,553","209,413","267,014","275,204","350,342","262,090","371,202","335,558","135,045","152,928",,,,,
196.5,"184,461","202,525","210,424","268,238","276,439","351,812","263,495","373,040","337,055","135,735","153,659",,,,,
197.0,"184,484","202,548","210,446","268,353","276,554","352,082","263,518","373,063","337,324","135,757","153,682",,,,,
197.5,"185,348","203,519","211,457","269,576","277,789","353,552","264,922","374,900","338,822","136,447","154,412",,,,,
198.0,"185,371","203,542","211,480","269,691","277,904","353,821","264,945","374,923","339,091","136,470","154,435",,,,,
198.5,"186,235","204,514","212,490","270,914","279,139","355,291","266,350","376,761","340,589","137,160","155,166",,,,,
199.0,"186,257","204,537","212,513","271,029","279,253","355,560","266,373","376,784","340,858","137,183","155,189",,,,,
199.5,"187,121","205,508","213,524","272,253","280,488","357,030","267,777","378,622","342,355","137,872","155,920",,,,,
200.0,"187,144","205,531","213,547","272,367","280,603","357,299","267,800","378,645","342,625","137,895","155,943",,,,,
200.5,"188,008","206,503","214,557","273,591","281,838","358,769","269,205","380,482","344,122","138,585","156,674",,,,,
201.0,"188,031","206,526","214,580","273,706","281,953","359,039","269,228","380,505","344,391","138,608","156,697",,,,,
201.5,"188,895","207,497","215,591","274,929","283,188","360,509","270,633","382,343","345,889","139,298","157,428",,,,,
202.0,"188,918","207,520","215,614","275,044","283,302","360,778","270,656","382,366","346,158","139,321","157,451",,,,,
202.5,"189,782","208,492","216,624","276,267","284,537","362,248","272,060","384,204","347,656","140,010","158,182",,,,,
203.0,"189,805","208,515","216,647","276,382","284,652","362,517","272,083","384,227","347,925","140,033","158,205",,,,,
203.5,"190,669","209,486","217,658","277,606","285,887","363,987","273,488","386,064","349,422","140,723","158,936",,,,,
204.0,"190,691","209,509","217,681","277,720","286,002","364,256","273,511","386,087","349,692","140,746","158,959",,,,,
204.5,"191,555","210,481","218,691","278,944","287,237","365,726","274,915","387,925","351,189","141,436","159,690",,,,,
205.0,"191,578","210,504","218,714","279,058","287,351","365,996","274,938","387,948","351,458","141,459","159,713",,,,,
205.5,"192,442","211,475","219,725","280,282","288,586","367,466","276,343","389,786","352,956","142,148","160,444",,,,,
206.0,"192,465","211,498","219,748","280,397","288,701","367,735","276,366","389,809","353,225","142,171","160,467",,,,,
206.5,"193,329","212,470","220,758","281,620","289,936","369,205","277,771","391,647","354,723","142,861","161,198",,,,,
207.0,"193,352","212,493","220,781","281,735","290,051","369,474","277,794","391,669","354,992","142,884","161,221",,,,,
207.5,"194,216","213,464","221,792","282,959","291,286","370,944","279,198","393,507","356,489","143,574","161,952",,,,,
208.0,"194,239","213,487","221,815","283,073","291,400","371,213","279,221","393,530","356,759","143,597","161,974",,,,,
208.5,"195,103","214,459","222,825","284,297","292,636","372,683","280,626","395,368","358,256","144,286","162,705",,,,,
209.0,"195,126","214,482","222,848","284,411","292,750","372,953","280,649","395,391","358,525","144,309","162,728",,,,,
209.5,"195,989","215,453","223,859","285,635","293,985","374,423","282,053","397,229","360,023","144,999","163,459",,,,,
210.0,"196,012","215,476","223,881","285,750","294,100","374,692","282,076","397,252","360,292","145,022","163,482",,,,,
210.5,"196,876","216,448","224,892","286,973","295,335","376,162","283,481","399,089","361,789","145,712","164,213",,,,,
211.0,"196,899","216,471","224,915","287,088","295,450","376,431","283,504","399,112","362,059","145,735","164,236",,,,,
211.5,"197,763","217,442","225,926","288,312","296,685","377,901","284,909","400,950","363,556","146,424","164,967",,,,,
212.0,"197,786","217,465","225,948","288,426","296,799","378,170","284,932","400,973","363,825","146,447","164,990",,,,,
212.5,"198,650","218,437","226,959","289,650","298,034","379,640","286,336","402,811","365,323","147,137","165,721",,,,,
213.0,"198,673","218,460","226,982","289,764","298,149","379,909","286,359","402,834","365,592","147,160","165,744",,,,,
213.5,"199,537","219,431","227,992","290,988","299,384","381,379","287,764","404,671","367,090","147,850","166,475",,,,,
214.0,"199,560","219,454","228,015","291,103","299,499","381,649","287,787","404,694","367,359","147,873","166,498",,,,,
214.5,"200,423","220,426","229,026","292,326","300,734","383,119","289,191","406,532","368,856","148,562","167,229",,,,,
215.0,"200,446","220,449","229,049","292,441","300,848","383,388","289,214","406,555","369,126","148,585","167,252",,,,,
215.5,"201,310","221,420","230,059","293,664","302,083","384,858","290,619","408,393","370,623","149,275","167,983",,,,,
216.0,"201,333","221,443","230,082","293,779","302,198","385,127","290,642","408,416","370,892","149,298","168,006",,,,,
216.5,"202,197","222,415","231,093","295,003","303,433","386,597","292,047","410,253","372,390","149,988","168,737",,,,,
217.0,"202,220","222,438","231,116","295,117","303,548","386,866","292,070","410,276","372,659","150,011","168,760",,,,,
217.5,"203,084","223,409","232,126","296,341","304,783","388,336","293,474","412,114","374,157","150,700","169,491",,,,,
218.0,"203,107","223,432","232,149","296,455","304,897","388,606","293,497","412,137","374,426","150,723","169,513",,,,,
218.5,"203,971","224,404","233,160","297,679","306,132","390,076","294,902","413,975","375,923","151,413","170,244",,,,,
219.0,"203,994","224,427","233,183","297,794","306,247","390,345","294,925","413,998","376,193","151,436","170,267",,,,,
219.5,"204,857","225,398","234,193","299,017","307,482","391,815","296,329","415,836","377,690","152,126","170,998",,,,,
220.0,"204,880","225,421","234,216","299,132","307,597","392,084","296,352","415,858","377,959","152,148","171,021",,,,,
220.5,"205,744","226,393","235,227","300,356","308,832","393,554","297,757","417,696","379,457","152,838","171,752",,,,,
221.0,"205,767","226,416","235,250","300,470","308,946","393,823","297,780","417,719","379,726","152,861","171,775",,,,,
221.5,"206,631","227,387","236,260","301,694","310,182","395,293","299,185","419,557","381,224","153,551","172,506",,,,,
222.0,"206,654","227,410","236,283","301,808","310,296","395,563","299,208","419,580","381,493","153,574","172,529",,,,,
222.5,"207,518","228,382","237,294","303,032","311,531","397,033","300,612","421,418","382,990","154,264","173,260",,,,,
223.0,"207,541","228,405","237,317","303,147","311,646","397,302","300,635","421,441","383,260","154,286","173,283",,,,,
223.5,"208,405","229,377","238,327","304,370","312,881","398,772","302,040","423,278","384,757","154,976","174,014",,,,,
224.0,"208,428","229,399","238,350","304,485","312,996","399,041","302,063","423,301","385,026","154,999","174,037",,,,,
224.5,"209,292","230,371","239,361","305,709","314,231","400,511","303,467","425,139","386,524","155,689","174,768",,,,,
225.0,"209,314","230,394","239,383","305,823","314,345","400,780","303,490","425,162","386,793","155,712","174,791",,,,,
225.5,"210,178","231,366","240,394","307,047","315,580","402,250","304,895","427,000","388,291","156,402","175,522",,,,,
226.0,"210,201","231,388","240,417","307,161","315,695","402,520","304,918","427,023","388,560","156,424","175,545",,,,,
226.5,"211,065","232,360","241,427","308,385","316,930","403,990","306,323","428,860","390,057","157,114","176,276",,,,,
227.0,"211,088","232,383","241,450","308,500","317,045","404,259","306,346","428,883","390,327","157,137","176,299",,,,,
227.5,"211,952","233,355","242,461","309,723","318,280","405,729","307,750","430,721","391,824","157,827","177,030",,,,,
228.0,"211,975","233,377","242,484","309,838","318,394","405,998","307,773","430,744","392,093","157,850","177,052",,,,,
228.5,"212,839","234,349","243,494","311,061","319,629","407,468","309,178","432,582","393,591","158,539","177,783",,,,,
229.0,"212,862","234,372","243,517","311,176","319,744","407,737","309,201","432,605","393,860","158,562","177,806",,,,,
229.5,"213,726","235,344","244,528","312,400","320,979","409,207","310,605","434,443","395,358","159,252","178,537",,,,,
230.0,"213,749","235,366","244,551","312,514","321,094","409,477","310,628","434,465","395,627","159,275","178,560",,,,,
230.5,"214,612","236,338","245,561","313,738","322,329","410,947","312,033","436,303","397,124","159,965","179,291",,,,,
231.0,"214,635","236,361","245,584","313,853","322,443","411,216","312,056","436,326","397,394","159,988","179,314",,,,,
231.5,"215,499","237,333","246,595","315,076","323,678","412,686","313,461","438,164","398,891","160,677","180,045",,,,,
232.0,"215,522","237,355","246,618","315,191","323,793","412,955","313,484","438,187","399,160","160,700","180,068",,,,,
232.5,"216,386","238,327","247,628","316,414","325,028","414,425","314,888","440,025","400,658","161,390","180,799",,,,,
233.0,"216,409","238,350","247,651","316,529","325,143","414,694","314,911","440,048","400,927","161,413","180,822",,,,,
233.5,"217,273","239,322","248,662","317,753","326,378","416,164","316,316","441,885","402,425","162,103","181,553",,,,,
234.0,"217,296","239,345","248,685","317,867","326,492","416,434","316,339","441,908","402,694","162,126","181,576",,,,,
234.5,"218,160","240,316","249,695","319,091","327,728","417,904","317,743","443,746","404,191","162,815","182,307",,,,,
235.0,"218,183","240,339","249,718","319,205","327,842","418,173","317,766","443,769","404,461","162,838","182,330",,,,,
235.5,"219,046","241,311","250,729","320,429","329,077","419,643","319,171","445,607","405,958","163,528","183,061",,,,,
236.0,"219,069","241,334","250,752","320,544","329,192","419,912","319,194","445,630","406,227","163,551","183,084",,,,,
236.5,"219,933","242,305","251,762","321,767","330,427","421,382","320,599","447,467","407,725","164,241","183,815",,,,,
237.0,"219,956","242,328","251,785","321,882","330,541","421,651","320,622","447,490","407,994","164,264","183,838",,,,,
237.5,"220,820","243,300","252,796","323,106","331,777","423,121","322,026","449,328","409,492","164,953","184,569",,,,,
238.0,"220,843","243,323","252,819","323,220","331,891","423,391","322,049","449,351","409,761","164,976","184,591",,,,,
238.5,"221,707","244,294","253,829","324,444","333,126","424,861","323,454","451,189","411,258","165,666","185,322",,,,,
239.0,"221,730","244,317","253,852","324,558","333,241","425,130","323,477","451,212","411,528","165,689","185,345",,,,,
239.5,"222,594","245,289","254,863","325,782","334,476","426,600","324,881","453,049","413,025","166,379","186,076",,,,,
240.0,"222,617","245,312","254,885","325,897","334,591","426,869","324,904","453,072","413,294","166,402","186,099",,,,,
240.5,"223,480","246,283","255,896","327,120","335,826","428,339","326,309","454,910","414,792","167,091","186,830",,,,,
241.0,"223,503","246,306","255,919","327,235","335,940","428,608","326,332","454,933","415,061","167,114","186,853",,,,,
241.5,"224,367","247,278","256,929","328,459","337,175","430,078","327,737","456,771","416,559","167,804","187,584",,,,,
242.0,"224,390","247,301","256,952","328,573","337,290","430,348","327,760","456,794","416,828","167,827","187,607",,,,,
242.5,"225,254","248,272","257,963","329,797","338,525","431,818","329,164","458,632","418,325","168,517","188,338",,,,,
243.0,"225,277","248,295","257,986","329,911","338,640","432,087","329,187","458,654","418,595","168,540","188,361",,,,,
243.5,"226,141","249,267","258,996","331,135","339,875","433,557","330,592","460,492","420,092","169,229","189,092",,,,,
244.0,"226,164","249,290","259,019","331,250","339,989","433,826","330,615","460,515","420,361","169,252","189,115",,,,,
244.5,"227,028","250,261","260,030","332,473","341,224","435,296","332,020","462,353","421,859","169,942","189,846",,,,,
245.0,"227,051","250,284","260,053","332,588","341,339","435,565","332,042","462,376","422,128","169,965","189,869",,,,,
245.5,"227,915","251,256","261,063","333,811","342,574","437,035","333,447","464,214","423,626","170,655","190,600",,,,,
246.0,"227,937","251,279","261,086","333,926","342,689","437,305","333,470","464,237","423,895","170,678","190,623",,,,,
246.5,"228,801","252,250","262,097","335,150","343,924","438,775","334,875","466,074","425,392","171,367","191,354",,,,,
247.0,"228,824","252,273","262,120","335,264","344,038","439,044","334,898","466,097","425,662","171,390","191,377",,,,,
247.5,"229,688","253,245","263,130","336,488","345,274","440,514","336,302","467,935","427,159","172,080","192,108",,,,,
248.0,"229,711","253,268","263,153","336,603","345,388","440,783","336,325","467,958","427,428","172,103","192,131",,,,,
248.5,"230,575","254,239","264,164","337,826","346,623","442,253","337,730","469,796","428,926","172,793","192,862",,,,,
249.0,"230,598","254,262","264,187","337,941","346,738","442,522","337,753","469,819","429,195","172,815","192,884",,,,,
249.5,"231,462","255,234","265,197","339,164","347,973","443,992","339,158","471,656","430,692","173,505","193,615",,,,,
250.0,"231,485","255,257","265,220","339,279","348,087","444,262","339,180","471,679","430,962","173,528","193,638",,,,,
250.5,"232,349","256,228","266,231","340,503","349,323","445,732","340,585","473,517","432,459","174,218","194,369",,,,,
251.0,"232,371","256,251","266,254","340,617","349,437","446,001","340,608","473,540","432,728","174,241","194,392",,,,,
251.5,"233,235","257,223","267,264","341,841","350,672","447,471","342,013","475,378","434,226","174,931","195,123",,,,,
252.0,"233,258","257,246","267,287","341,955","350,787","447,740","342,036","475,401","434,495","174,953","195,146",,,,,
252.5,"234,122","258,217","268,298","343,179","352,022","449,210","343,440","477,239","435,993","175,643","195,877",,,,,
253.0,"234,145","258,240","268,320","343,294","352,137","449,479","343,463","477,261","436,262","175,666","195,900",,,,,
253.5,"235,009","259,212","269,331","344,517","353,372","450,949","344,868","479,099","437,759","176,356","196,631",,,,,
254.0,"235,032","259,235","269,354","344,632","353,486","451,219","344,891","479,122","438,029","176,379","196,654",,,,,
254.5,"235,896","260,206","270,365","345,856","354,721","452,689","346,296","480,960","439,526","177,069","197,385",,,,,
255.0,"235,919","260,229","270,387","345,970","354,836","452,958","346,318","480,983","439,795","177,091","197,408",,,,,
255.5,"236,783","261,201","271,398","347,194","356,071","454,428","347,723","482,821","441,293","177,781","198,139",,,,,
256.0,"236,806","261,224","271,421","347,308","356,186","454,697","347,746","482,844","441,562","177,804","198,162",,,,,
256.5,"237,669","262,195","272,431","348,532","357,421","456,167","349,151","484,681","443,060","178,494","198,893",,,,,
257.0,"237,692","262,218","272,454","348,647","357,535","456,436","349,174","484,704","443,329","178,517","198,916",,,,,
257.5,"238,556","263,190","273,465","349,870","358,770","457,906","350,578","486,542","444,826","179,206","199,647",,,,,
258.0,"238,579","263,213","273,488","349,985","358,885","458,176","350,601","486,565","445,096","179,229","199,670",,,,,
258.5,"239,443","264,184","274,498","351,208","360,120","459,646","352,006","488,403","446,593","179,919","200,401",,,,,
259.0,"239,466","264,207","274,521","351,323","360,235","459,915","352,029","488,426","446,862","179,942","200,423",,,,,
259.5,"240,330","265,179","275,532","352,547","361,470","461,385","353,434","490,263","448,360","180,632","201,154",,,,,
260.0,"240,353","265,202","275,555","352,661","361,584","461,654","353,456","490,286","448,629","180,655","201,177",,,,,
260.5,"241,217","266,173","276,565","353,885","362,820","463,124","354,861","492,124","450,127","181,344","201,908",,,,,
261.0,"241,240","266,196","276,588","354,000","362,934","463,393","354,884","492,147","450,396","181,367","201,931",,,,,
261.5,"242,103","267,168","277,599","355,223","364,169","464,863","356,289","493,985","451,893","182,057","202,662",,,,,
262.0,"242,126","267,191","277,622","355,338","364,284","465,133","356,312","494,008","452,163","182,080","202,685",,,,,
262.5,"242,990","268,162","278,632","356,561","365,519","466,603","357,716","495,845","453,660","182,770","203,416",,,,,
263.0,"243,013","268,185","278,655","356,676","365,633","466,872","357,739","495,868","453,929","182,793","203,439",,,,,
263.5,"243,877","269,157","279,666","357,900","366,869","468,342","359,144","497,706","455,427","183,482","204,170",,,,,
264.0,"243,900","269,180","279,689","358,014","366,983","468,611","359,167","497,729","455,696","183,505","204,193",,,,,
264.5,"244,764","270,151","280,699","359,238","368,218","470,081","360,572","499,567","457,194","184,195","204,924",,,,,
265.0,"244,787","270,174","280,722","359,352","368,333","470,350","360,594","499,590","457,463","184,218","204,947",,,,,
265.5,"245,651","271,146","281,733","360,576","369,568","471,820","361,999","501,428","458,960","184,908","205,678",,,,,
266.0,"245,674","271,169","281,756","360,691","369,683","472,090","362,022","501,450","459,230","184,931","205,701",,,,,
266.5,"246,538","272,140","282,766","361,914","370,918","473,560","363,427","503,288","460,727","185,620","206,432",,,,,
267.0,"246,560","272,163","282,789","362,029","371,032","473,829","363,450","503,311","460,996","185,643","206,455",,,,,
267.5,"247,424","273,135","283,800","363,253","372,267","475,299","364,854","505,149","462,494","186,333","207,186",,,,,
268.0,"247,447","273,158","283,822","363,367","372,382","475,568","364,877","505,172","462,763","186,356","207,209",,,,,
268.5,"248,311","274,129","284,833","364,591","373,617","477,038","366,282","507,010","464,261","187,046","207,940",,,,,
269.0,"248,334","274,152","284,856","364,705","373,732","477,307","366,305","507,033","464,530","187,069","207,962",,,,,
269.5,"249,198","275,124","285,866","365,929","374,967","478,777","367,710","508,870","466,027","187,758","208,693",,,,,
270.0,"249,221","275,147","285,889","366,044","375,081","479,047","367,732","508,893","466,297","187,781","208,716",,,,,
270.5,"250,085","276,118","286,900","367,267","376,316","480,517","369,137","510,731","467,794","188,471","209,447",,,,,
271.0,"250,108","276,141","286,923","367,382","376,431","480,786","369,160","510,754","468,063","188,494","209,470",,,,,
271.5,"250,972","277,113","287,933","368,606","377,666","482,256","370,565","512,592","469,561","189,184","210,201",,,,,
272.0,"250,994","277,136","287,956","368,720","377,781","482,525","370,588","512,615","469,830","189,207","210,224",,,,,
272.5,"251,858","278,107","288,967","369,944","379,016","483,995","371,992","514,452","471,328","189,896","210,955",,,,,
273.0,"251,881","278,130","288,990","370,058","379,130","484,264","372,015","514,475","471,597","189,919","210,978",,,,,
273.5,"252,745","279,102","290,000","371,282","380,366","485,734","373,420","516,313","473,094","190,609","211,709",,,,,
274.0,"252,768","279,125","290,023","371,397","380,480","486,003","373,443","516,336","473,364","190,632","211,732",,,,,
274.5,"253,632","280,096","291,034","372,620","381,715","487,473","374,848","518,174","474,861","191,322","212,463",,,,,
275.0,"253,655","280,119","291,057","372,735","381,830","487,743","374,870","518,197","475,130","191,345","212,486",,,,,
275.5,"254,519","281,091","292,067","373,958","383,065","489,213","376,275","520,035","476,628","192,034","213,217",,,,,
276.0,"254,542","281,114","292,090","374,073","383,179","489,482","376,298","520,057","476,897","192,057","213,240",,,,,
276.5,"255,406","282,086","293,101","375,297","384,415","490,952","377,703","521,895","478,395","192,747","213,971",,,,,
277.0,"255,429","282,108","293,124","375,411","384,529","491,221","377,726","521,918","478,664","192,770","213,994",,,,,
277.5,"256,292","283,080","294,134","376,635","385,764","492,691","379,130","523,756","480,161","193,460","214,725",,,,,
278.0,"256,315","283,103","294,157","376,750","385,879","492,960","379,153","523,779","480,431","193,483","214,748",,,,,
278.5,"257,179","284,075","295,168","377,973","387,114","494,430","380,558","525,617","481,928","194,172","215,479",,,,,
279.0,"257,202","284,097","295,191","378,088","387,229","494,700","380,581","525,640","482,197","194,195","215,501",,,,,
279.5,"258,066","285,069","296,201","379,311","388,464","496,170","381,986","527,477","483,695","194,885","216,232",,,,,
280.0,"258,089","285,092","296,224","379,426","388,578","496,439","382,009","527,500","483,964","194,908","216,255",,,,,
280.5,"258,953","286,064","297,235","380,650","389,813","497,909","383,413","529,338","485,462","195,598","216,986",,,,,
281.0,"258,976","286,086","297,258","380,764","389,928","498,178","383,436","529,361","485,731","195,620","217,009",,,,,
281.5,"259,840","287,058","298,268","381,988","391,163","499,648","384,841","531,199","487,228","196,310","217,740",,,,,
282.0,"259,863","287,081","298,291","382,102","391,278","499,917","384,864","531,222","487,498","196,333","217,763",,,,,
282.5,"260,726","288,053","299,302","383,326","392,513","501,387","386,268","533,059","488,995","197,023","218,494",,,,,
283.0,"260,749","288,075","299,324","383,441","392,627","501,657","386,291","533,082","489,264","197,046","218,517",,,,,
283.5,"261,613","289,047","300,335","384,664","393,862","503,127","387,696","534,920","490,762","197,736","219,248",,,,,
284.0,"261,636","289,070","300,358","384,779","393,977","503,396","387,719","534,943","491,031","197,758","219,271",,,,,
284.5,"262,500","290,042","301,368","386,003","395,212","504,866","389,124","536,781","492,529","198,448","220,002",,,,,
285.0,"262,523","290,064","301,391","386,117","395,327","505,135","389,147","536,804","492,798","198,471","220,025",,,,,
285.5,"263,387","291,036","302,402","387,341","396,562","506,605","390,551","538,641","494,295","199,161","220,756",,,,,
286.0,"263,410","291,059","302,425","387,455","396,676","506,874","390,574","538,664","494,565","199,184","220,779",,,,,
286.5,"264,274","292,031","303,435","388,679","397,911","508,344","391,979","540,502","496,062","199,873","221,510",,,,,
287.0,"264,297","292,054","303,458","388,794","398,026","508,614","392,002","540,525","496,331","199,896","221,533",,,,,
287.5,"265,161","293,025","304,469","390,017","399,261","510,084","393,406","542,363","497,829","200,586","222,264",,,,,
288.0,"265,183","293,048","304,492","390,132","399,376","510,353","393,429","542,386","498,098","200,609","222,287",,,,,
288.5,"266,047","294,020","305,502","391,356","400,611","511,823","394,834","544,224","499,595","201,299","223,018",,,,,
289.0,"266,070","294,043","305,525","391,470","400,725","512,092","394,857","544,246","499,865","201,322","223,041",,,,,
289.5,"266,934","295,014","306,536","392,694","401,961","513,562","396,262","546,084","501,362","202,011","223,772",,,,,
290.0,"266,957","295,037","306,559","392,808","402,075","513,831","396,285","546,107","501,631","202,034","223,794",,,,,
290.5,"267,821","296,009","307,569","394,032","403,310","515,301","397,689","547,945","503,129","202,724","224,525",,,,,
291.0,"267,844","296,032","307,592","394,147","403,425","515,571","397,712","547,968","503,398","202,747","224,548",,,,,
291.5,"268,708","297,003","308,603","395,370","404,660","517,041","399,117","549,806","504,896","203,437","225,279",,,,,
292.0,"268,731","297,026","308,626","395,485","404,775","517,310","399,140","549,829","505,165","203,460","225,302",,,,,
292.5,"269,595","297,998","309,636","396,708","406,010","518,780","400,544","551,666","506,662","204,149","226,033",,,,,
293.0,"269,617","298,021","309,659","396,823","406,124","519,049","400,567","551,689","506,932","204,172","226,056",,,,,
293.5,"270,481","298,992","310,670","398,047","407,359","520,519","401,972","553,527","508,429","204,862","226,787",,,,,
294.0,"270,504","299,015","310,693","398,161","407,474","520,788","401,995","553,550","508,698","204,885","226,810",,,,,
294.5,"271,368","299,987","311,703","399,385","408,709","522,258","403,400","555,388","510,196","205,575","227,541",,,,,
295.0,"271,391","300,010","311,726","399,499","408,824","522,528","403,423","555,411","510,465","205,598","227,564",,,,,
295.5,"272,255","300,981","312,737","400,723","410,059","523,998","404,827","557,248","511,963","206,287","228,295",,,,,
296.0,"272,278","301,004","312,759","400,838","410,173","524,267","404,850","557,271","512,232","206,310","228,318",,,,,
296.5,"273,142","301,976","313,770","402,061","411,408","525,737","406,255","559,109","513,729","207,000","229,049",,,,,
297.0,"273,165","301,999","313,793","402,176","411,523","526,006","406,278","559,132","513,999","207,023","229,072",,,,,
297.5,"274,029","302,970","314,803","403,400","412,758","527,476","407,682","560,970","515,496","207,713","229,803",,,,,
298.0,"274,052","302,993","314,826","403,514","412,873","527,745","407,705","560,993","515,765","207,736","229,826",,,,,
298.5,"274,915","303,965","315,837","404,738","414,108","529,215","409,110","562,830","517,263","208,425","230,557",,,,,
299.0,"274,938","303,988","315,860","404,852","414,222","529,485","409,133","562,853","517,532","208,448","230,580",,,,,
299.5,"275,802","304,959","316,870","406,076","415,457","530,955","410,538","564,691","519,030","209,138","231,311",,,,,
300.0,"275,825","304,982","316,893","406,191","415,572","531,224","410,561","564,714","519,299","209,161","231,333",,,,,
Add Kg above 300kg,886.81,994.51,"1,033.46","1,338.23","1,349.69","1,739.25","1,461.97","1,860.70","1,766.74",712.66,753.90,,,,,
,,,,,,,,,,,,,,,,
EXTRA CHARGES charged as per the following:,,,,,,,,,,,,,,,,
Remote Area Delivery,,Per Shipment,"5,164 ",,,,,,,,,,,,,
Elevated Risk,,Per Shipment,"5,613 ",,,,,,,,,,,,,
Restricted Destination,,Per Shipment,"7,859 ",,,,,,,,,,,,,
Over Sized Piece,,Per Piece,"20,208 ",,,,,,,,,,,,,
Overweight Piece,,Per Piece,"22,453 ",,,,,,,,,,,,,
Remote Area Pickup,,Per Shipment,"2,245 ",,,,,,,,,,,,,
Non Stackable Pallet,,Per Piece,"44,907 ",,,,,,,,,,,,,
Data Entry,,Per Shipment,"1,123 ",,,,,,,,,,,,,
Address Correction,,Per Shipment,"3,368 ",,,,,,,,,,,,,
